Product Name,Product Variant,Code,Quantity,UOM,BoM Type,Subcontractor,Reference,Component,Component Quantity,Component UoM,Component  Code
Wood Panel,FURN_7023,FURN_7023,8,Units,Subcontract,Nicole Ford,Units ,Screw,5,Units,CONS_25630
Desk Combination,FURN_7800 ,FURN_7800,6,Units,Manufacture this product,,Units ,Office Chair Black,3,Units,FURN_0269
,,,,,,,,Drawer Black,9,Dozens,FURN_8900
Table,FURN_9666,FURN_9666,5,Units,Subcontract,Azure Interior,Units ,Office Chair Black,2,Units,FURN_0269
Table Kit,[FURN_78236] Table Kit,FURN_78236,6,Units,Kit,,Dozens,Ply Layer,8,Units,FURN_7111
