id,name,model_id:id,group_id:id,perm_read,perm_write,perm_create,perm_unlink
sr_repair_management.access_vehicle_repair_order,access_vehicle_repair_order,sr_repair_management.model_vehicle_repair_order,base.group_user,1,1,1,1
sr_repair_management.access_repair_checklist,access_repair_checklist,sr_repair_management.model_repair_checklist,base.group_user,1,1,1,1
sr_repair_management.access_repair_diagnosis,access_repair_diagnosis,sr_repair_management.model_repair_diagnosis,base.group_user,1,1,1,1
sr_repair_management.access_vehicle_spare_parts,access_vehicle_spare_parts,sr_repair_management.model_vehicle_spare_parts,base.group_user,1,1,1,1
sr_repair_management.access_assign_technician_wizard,access_assign_technician_wizard,sr_repair_management.model_assign_technician_wizard,base.group_user,1,1,1,0
sr_repair_management.access_repair_details,access_repair_details,sr_repair_management.model_repair_details,base.group_user,1,1,1,1
sr_repair_management.access_repair_estimate,access_repair_estimate,sr_repair_management.model_repair_estimate,base.group_user,1,1,1,1
sr_repair_management.access_repair_work_order,access_repair_work_order,sr_repair_management.model_repair_work_order,base.group_user,1,1,1,1
sr_repair_management.access_assign_technician_wizard_line,access_assign_technician_wizard_line,sr_repair_management.model_assign_technician_wizard_line,base.group_user,1,1,1,0