<?xml version="1.0" encoding="utf-8"?>
<odoo>
    <data noupdate="0">
        <record id="group_repair_manager" model="res.groups">
            <field name="name">Repair Manager</field>
        </record>

        <record id="group_receptionist" model="res.groups">
            <field name="name">Receptionist</field>
        </record>

        <record id="group_supervisor" model="res.groups">
            <field name="name">Supervisor</field>
        </record>

        <record id="group_technician" model="res.groups">
            <field name="name">Technician</field>
        </record>

<!--        <record id="rule_repair_order_user" model="ir.rule">-->
<!--            <field name="name">User can only see their repair orders</field>-->
<!--            <field name="model_id" ref="model_vehicle_repair_order"/>-->
<!--            <field name="domain_force">[('user_id', '=', user.id)]</field>-->
<!--            <field name="groups" eval="[(4, ref('sr_repair_management.group_receptionist'))]"/>-->
<!--        </record>-->

<!--        &lt;!&ndash; Managers can see all records &ndash;&gt;-->
<!--        <record id="rule_repair_order_manager" model="ir.rule">-->
<!--            <field name="name">Manager can see all repair orders</field>-->
<!--            <field name="model_id" ref="model_vehicle_repair_order"/>-->
<!--            <field name="domain_force">[(1, '=', 1)]</field>-->
<!--            <field name="groups" eval="[(4, ref('sr_repair_management.group_repair_manager'))]"/>-->
<!--        </record>-->

    </data>
</odoo>
