<?xml version="1.0" encoding="utf-8"?>
<odoo>
    <data noupdate="0">
        <record id="group_sale_manager_show_product_cost_price" model="res.groups">
            <field name="name">Show cost price</field>
            <field name="category_id" ref="base.module_category_hidden"/>
        </record>

        <record id="group_sale_manager_show_product_sale_price" model="res.groups">
            <field name="name">Show sale price</field>
            <field name="category_id" ref="base.module_category_hidden"/>
        </record>
    </data>
</odoo>
