<?xml version="1.0" encoding="utf-8"?>
<odoo noupdate="0">

    <record id="seq_notice_boards" model="ir.sequence">
        <field name="name">Notice Boards</field>
        <field name="code">notice.boards</field>
        <field name="prefix">NB</field>
        <field name="padding">5</field>
        <field name="company_id" eval="False"/>
    </record>

    <record id="seq_student_admission" model="ir.sequence">
        <field name="name">Admission</field>
        <field name="code">student.admission</field>
        <field name="prefix">AD</field>
        <field name="padding">9</field>
        <field name="company_id" eval="False"/>
    </record>

</odoo>
