<?xml version="1.0" encoding="utf-8"?>
<odoo>
    <record forcecreate="True" id="ir_cron_send_min_qty_notification" model="ir.cron">
        <field name="name">Inventory: Send Minimum Quantity Notification</field>
        <field name="model_id" ref="model_product_product"/>
        <field name="state">code</field>
        <field name="code">model.send_min_qty_notification()</field>
        <field name="user_id" ref="base.user_root" />
        <field name="interval_number">1</field>
        <field name="interval_type">days</field>
    </record>
</odoo>
