<?xml version="1.0" ?>
<odoo>
    <data>
        <record id="email_template_min_qty_notification" model="mail.template">
            <field name="name">Min Qty Notification: Sending</field>
            <field name="model_id" ref="sr_notify_low_stock_product.model_product_product"/>
            <field name="email_from">{{(object.company_id.email)}}</field>
            <field name="subject">Min Quantity than On hand Quantity</field>
            <field name="auto_delete" eval="True"/>
        </record>
    </data>
</odoo>
