id,name,model_id:id,group_id:id,perm_read,perm_write,perm_create,perm_unlink
sr_car_repair_management.access_car_repair_form,access_car_repair_form,sr_car_repair_management.model_car_repair_form,base.group_user,1,1,1,1
sr_car_repair_management.access_car_repair_checklist,access_car_repair_checklist,sr_car_repair_management.model_car_repair_checklist,base.group_user,1,1,1,1
sr_car_repair_management.access_car_diagnosis,access_car_diagnosis,sr_car_repair_management.model_car_diagnosis,base.group_user,1,1,1,1
sr_car_repair_management.access_car_spare_parts,access_car_spare_parts,sr_car_repair_management.model_car_spare_parts,base.group_user,1,1,1,1
sr_car_repair_management.access_assign_technician_wizard,access_assign_technician_wizard,sr_car_repair_management.model_assign_technician_wizard,base.group_user,1,1,1,1