<?xml version="1.0" encoding="utf-8"?>
<odoo>
	<data noupdate="1">
		<record id="sequence_PDC_payment" model="ir.sequence">
			<field name="name">PDC Payment</field>
			<field name="code">pdc.payment</field>
			<field name="prefix">CUST.IN/PDC/</field>
			<field eval="1" name="number_next" />
			<field eval="1" name="number_increment" />
			<field eval="False" name="company_id" />
			<field name="padding">4</field>
		</record>

		<record id="vendor_sequence_PDC_payment" model="ir.sequence">
			<field name="name">PDC Payment for vendor</field>
			<field name="code">pdc.payment.vendor</field>
			<field name="prefix">SUPP.OUT/PDC/</field>
			<field eval="1" name="number_next" />
			<field eval="1" name="number_increment" />
			<field eval="False" name="company_id" />
			<field name="padding">4</field>
		</record>
	</data>
</odoo>
        