<?xml version="1.0" encoding="utf-8"?>
<odoo>
    <data noupdate="0">

        <record id="group_student" model="res.groups">
            <field name="name">Student</field>
            <field name="category_id" ref="base.module_category_hidden"/>
        </record>

        <record id="group_faculty" model="res.groups">
            <field name="name">Faculty</field>
            <field name="category_id" ref="base.module_category_hidden"/>
        </record>

        <record id="group_parents" model="res.groups">
            <field name="name">Parents</field>
            <field name="category_id" ref="base.module_category_hidden"/>
        </record>

        <record id="group_administrator" model="res.groups">
            <field name="name">Administrator</field>
            <field name="category_id" ref="base.module_category_hidden"/>
        </record>

    </data>
</odoo>
