<?xml version="1.0" encoding="utf-8"?>
<odoo>
    <data noupdate="0">
        <record id="ir_cron_update_product_expiry" model="ir.cron">
            <field name="name">Product Expiry: update state</field>
<!--            <field name="model_id" ref="model_stock_production_lot"/>-->
            <field name="model_id" ref="model_stock_lot"/>
            <field name="type">ir.actions.server</field>
            <field name="state">code</field>
            <field name="code">model.update_expiry_state()</field>
            <field name="interval_number">1</field>
            <field name="interval_type">days</field>
        </record>
    </data>
</odoo>