<?xml version="1.0" encoding="utf-8"?>
<odoo>
    <data noupdate="1">
        <record id="expiry_reservation_check" model="ir.cron">
            <field name="name" >Reservation Expiry </field>
            <field eval="True" name="active"/>
            <field name="interval_number">1</field>
            <field name="interval_type">days</field>
            <field name="numbercall">-1</field>
            <field name="doall" eval="False" />
            <field name="model_id" ref="sale.model_sale_order"/>
            <field name="state">code</field>
            <field name="code">model._find_expired_reservation()</field>
        </record>

    </data>
</odoo>
