id,name,model_id:id,group_id:id,perm_read,perm_write,perm_create,perm_unlink
sr_job_card.access_job_issue,access_job_issue,sr_job_card.model_job_issue,base.group_user,1,1,1,1
sr_job_card.access_job_issue_line,access_job_issue_line,sr_job_card.model_job_issue_line,base.group_user,1,1,1,1
sr_job_card.access_job_receive,access_job_receive,sr_job_card.model_job_receive,base.group_user,1,1,1,1
sr_job_card.access_job_receive_line,access_job_receive_line,sr_job_card.model_job_receive_line,base.group_user,1,1,1,1
sr_job_card.access_job_receive_component_line,access_job_receive_component_line,sr_job_card.model_job_receive_component_line,base.group_user,1,1,1,1
sr_job_card.access_job_issue_line_component_line,access_job_issue_line_component_line,sr_job_card.model_job_issue_line_component_line,base.group_user,1,1,1,1
sr_job_card.access_job_receive_line_component_line,access_job_receive_line_component_line,sr_job_card.model_job_receive_line_component_line,base.group_user,1,1,1,1