<?xml version="1.0" encoding="utf-8"?>
<odoo>
	<data noupdate="0">
		<record id="sequence_car_repair" model="ir.sequence">
			<field name="name">Car Repair Form</field>
			<field name="code">car.repair.form</field>
			<field name="prefix">CRF</field>
			<field name="padding">5</field>
		</record>

		<record id="sequence_car_diagnosis" model="ir.sequence">
			<field name="name">Car Diagnosis</field>
			<field name="code">car.diagnosis</field>
			<field name="prefix">CDS</field>
			<field name="padding">5</field>
		</record>
	</data>
</odoo>
        