id,name,model_id:id,group_id:id,perm_read,perm_write,perm_create,perm_unlink
sr_kwik_listing_mirror_integration.access_listing_mirror_integration,access_listing_mirror_integration,sr_kwik_listing_mirror_integration.model_listing_mirror_integration,base.group_user,1,1,1,1
sr_kwik_listing_mirror_integration.access_update_product_listing_mirror,access_update_product_listing_mirror,sr_kwik_listing_mirror_integration.model_update_product_listing_mirror,base.group_user,1,1,1,1
sr_kwik_listing_mirror_integration.access_integration_error_log,access_integration_error_log,sr_kwik_listing_mirror_integration.model_integration_error_log,base.group_user,1,1,1,1
sr_kwik_listing_mirror_integration.access_update_qty_log,access_update_qty_log,sr_kwik_listing_mirror_integration.model_update_qty_log,base.group_user,1,1,1,1
sr_kwik_listing_mirror_integration.access_integration_log_details,access_integration_log_details,sr_kwik_listing_mirror_integration.model_integration_log_details,base.group_user,1,1,1,1