<?xml version="1.0" encoding="utf-8"?>

<odoo>
    <data noupdate="0">

        <record id="test_scheduler_error_mailer" model="ir.cron">
            <field name="name">Test Cron Failure Notification</field>
            <field name="model_id" ref="model_ir_cron" />
            <field name="state">code</field>
            <field name="code">model.test_scheduler_failure()</field>
            <field name="user_id" ref="base.user_root" />
            <field name="interval_type">hours</field>
        </record>

    </data>
</odoo>
