Name,Contact,Date,Source Document,Product Name,Description,Quantity,UOM,Price,Lot
Order0111,Gemini Furniture,4/4/2025,21222,Large Cabinet,Large Cabinet,10,Units,100,
,,,,Drawer,Drawer,20,Units,200,
,,,,Office Chair,Office Chair,30,Units,300,
Order0222,Azure Interior,4/6/2025,222122,Office Chair,Office Chair,5,Units,10,
Order0333,Azure Interior,,,Large Cabinet,Large Cabinet,10,Units,100,
Order0444,Gemini Furniture,4/2/2025,,Drawer,Drawer,11,Units,200,
,,,,Office Chair,Office Chair,11,Units,300,
