<?xml version="1.0" encoding="UTF-8" ?>
<odoo>
    <data noupdate="1">
        <!--    Ir cron fail mail send schedule action-->
        <record id="ir_cron_fail_report_mail" model="ir.cron">
            <field name="name">Mail: Cron Error Notification</field>
            <field name="model_id" ref="model_ir_cron"/>
            <field name="state">code</field>
            <field name="code">model.mail_send_cron()</field>
            <field name="user_id" ref="base.user_root"/>
            <field name="interval_number">1</field>
            <field name="interval_type">days</field>
        </record>
    </data>
</odoo>
