<odoo>
    <record id="ir_cron_pickup" model="ir.cron">
        <field name="name">Reminder: Pickup</field>
        <field name="model_id" ref="sale.model_sale_order"/>
        <field name="interval_number">1</field>
        <field name="interval_type">days</field>
        <field name="state">code</field>
        <field name="code">model.send_mail_pickup()</field>
    </record>

    <record id="ir_cron_return" model="ir.cron">
        <field name="name">Reminder: Return</field>
        <field name="model_id" ref="sale.model_sale_order"/>
        <field name="interval_number">1</field>
        <field name="interval_type">days</field>
        <field name="state">code</field>
        <field name="code">model.send_mail_return()</field>
    </record>
</odoo>
